{
  "resourceType": "ConceptMap",
  "status": "draft",
  "id": "canshare-cm-17",
  "url": "http://canshare.co.nz/fhir/ConceptMap/canshare-cm-17",
  "group": [
    {
      "source": "http://snomed.info/sct",
      "target": "http://snomed.info/sct",
      "element": [
        {
          "code": "399687005",
          "display": "Anatomic location of primary malignant neoplasm",
          "target": [
            {
              "code": "253141000210105",
              "display": "NZ cancer topography",
              "comment": "Value set",
              "equivalence": "relatedto",
              "dependsOn": [
                {
                  "property": "cancer-service",
                  "system": "http://snomed.info/sct",
                  "value": "394593009",
                  "display": "Medical oncology"
                }
              ]
            }
          ]
        }
      ]
    }
  ]
}